filename, language, JavaScript, Vue.js, wxml, TypeScript, JSON, CSS, wxs, comment, blank, total
app.wpy, Vue.js, 0, 110, 0, 0, 0, 0, 0, 0, 7, 117
components/battle/battle.wpy, Vue.js, 0, 720, 0, 0, 0, 0, 0, 72, 17, 809
components/battle/imageLoader.wpy, Vue.js, 0, 90, 0, 0, 0, 0, 0, 22, 13, 125
components/battle/tutorial.wpy, Vue.js, 0, 89, 0, 0, 0, 0, 0, 0, 11, 100
components/battle/verify.wpy, Vue.js, 0, 173, 0, 0, 0, 0, 0, 23, 14, 210
components/chat/chat.wpy, Vue.js, 0, 272, 0, 0, 0, 0, 0, 11, 10, 293
components/chat/chatlist.wpy, Vue.js, 0, 286, 0, 0, 0, 0, 0, 0, 12, 298
components/chat/friends.wpy, Vue.js, 0, 126, 0, 0, 0, 0, 0, 0, 13, 139
components/chat/like.wpy, Vue.js, 0, 201, 0, 0, 0, 0, 0, 0, 15, 216
components/chat/notify.wpy, Vue.js, 0, 139, 0, 0, 0, 0, 0, 0, 13, 152
components/cropper.wpy, Vue.js, 0, 132, 0, 0, 0, 0, 0, 1, 10, 143
components/discover/discover.wpy, Vue.js, 0, 193, 0, 0, 0, 0, 0, 9, 9, 211
components/discover/momentCard.wpy, Vue.js, 0, 644, 0, 0, 0, 0, 0, 27, 12, 683
components/discover/topBanner.wpy, Vue.js, 0, 44, 0, 0, 0, 0, 0, 0, 9, 53
components/empty.wpy, Vue.js, 0, 43, 0, 0, 0, 0, 0, 0, 11, 54
components/loading.wpy, Vue.js, 0, 61, 0, 0, 0, 0, 0, 0, 11, 72
components/my/my.wpy, Vue.js, 0, 260, 0, 0, 0, 0, 0, 2, 14, 276
components/rank/Constellation.wpy, Vue.js, 0, 115, 0, 0, 0, 0, 0, 0, 9, 124
components/rank/rankList.wpy, Vue.js, 0, 202, 0, 0, 0, 0, 0, 0, 7, 209
components/register/chooseVerify.wpy, Vue.js, 0, 171, 0, 0, 0, 0, 0, 1, 9, 181
components/register/getInfo_copy.wpy, Vue.js, 0, 62, 0, 0, 0, 0, 0, 10, 10, 82
components/register/profile.wpy, Vue.js, 0, 198, 0, 0, 0, 0, 0, 1, 9, 208
components/register/uploadPic.wpy, Vue.js, 0, 250, 0, 0, 0, 0, 0, 8, 14, 272
components/register/uploadVideo.wpy, Vue.js, 0, 150, 0, 0, 0, 0, 0, 3, 10, 163
components/tabbar.wpy, Vue.js, 0, 80, 0, 0, 0, 0, 0, 0, 4, 84
components/vant/action-sheet/index.d.ts, TypeScript, 0, 0, 0, 1, 0, 0, 0, 0, 1, 2
components/vant/action-sheet/index.js, JavaScript, 41, 0, 0, 0, 0, 0, 0, 0, 1, 42
components/vant/action-sheet/index.json, JSON, 0, 0, 0, 0, 8, 0, 0, 0, 1, 9
components/vant/action-sheet/index.wxml, wxml, 0, 0, 47, 0, 0, 0, 0, 1, 2, 50
components/vant/action-sheet/index.wxss, CSS, 0, 0, 0, 0, 0, 1, 0, 0, 0, 1
components/vant/area/index.d.ts, TypeScript, 0, 0, 0, 1, 0, 0, 0, 0, 1, 2
components/vant/area/index.js, JavaScript, 155, 0, 0, 0, 0, 0, 0, 2, 1, 158
components/vant/area/index.json, JSON, 0, 0, 0, 0, 6, 0, 0, 0, 1, 7
components/vant/area/index.wxml, wxml, 0, 0, 18, 0, 0, 0, 0, 0, 1, 19
components/vant/area/index.wxss, CSS, 0, 0, 0, 0, 0, 1, 0, 0, 0, 1
components/vant/badge-group/index.d.ts, TypeScript, 0, 0, 0, 1, 0, 0, 0, 0, 1, 2
components/vant/badge-group/index.js, JavaScript, 43, 0, 0, 0, 0, 0, 0, 0, 1, 44
components/vant/badge-group/index.json, JSON, 0, 0, 0, 0, 3, 0, 0, 0, 1, 4
components/vant/badge-group/index.wxml, wxml, 0, 0, 3, 0, 0, 0, 0, 0, 1, 4
components/vant/badge-group/index.wxss, CSS, 0, 0, 0, 0, 0, 1, 0, 0, 0, 1
components/vant/badge/index.d.ts, TypeScript, 0, 0, 0, 1, 0, 0, 0, 0, 1, 2
components/vant/badge/index.js, JavaScript, 30, 0, 0, 0, 0, 0, 0, 0, 1, 31
components/vant/badge/index.json, JSON, 0, 0, 0, 0, 6, 0, 0, 0, 1, 7
components/vant/badge/index.wxml, wxml, 0, 0, 16, 0, 0, 0, 0, 0, 2, 18
components/vant/badge/index.wxss, CSS, 0, 0, 0, 0, 0, 1, 0, 0, 0, 1
components/vant/button/index.d.ts, TypeScript, 0, 0, 0, 1, 0, 0, 0, 0, 1, 2
components/vant/button/index.js, JavaScript, 36, 0, 0, 0, 0, 0, 0, 0, 1, 37
components/vant/button/index.json, JSON, 0, 0, 0, 0, 6, 0, 0, 0, 0, 6
components/vant/button/index.wxml, wxml, 0, 0, 38, 0, 0, 0, 0, 0, 2, 40
components/vant/button/index.wxss, CSS, 0, 0, 0, 0, 0, 1, 0, 0, 0, 1
components/vant/card/index.d.ts, TypeScript, 0, 0, 0, 1, 0, 0, 0, 0, 1, 2
components/vant/card/index.js, JavaScript, 38, 0, 0, 0, 0, 0, 0, 0, 1, 39
components/vant/card/index.json, JSON, 0, 0, 0, 0, 6, 0, 0, 0, 1, 7
components/vant/card/index.wxml, wxml, 0, 0, 38, 0, 0, 0, 0, 0, 7, 45
components/vant/card/index.wxss, CSS, 0, 0, 0, 0, 0, 1, 0, 0, 0, 1
components/vant/cell-group/index.d.ts, TypeScript, 0, 0, 0, 1, 0, 0, 0, 0, 1, 2
components/vant/cell-group/index.js, JavaScript, 10, 0, 0, 0, 0, 0, 0, 0, 1, 11
components/vant/cell-group/index.json, JSON, 0, 0, 0, 0, 3, 0, 0, 0, 0, 3
components/vant/cell-group/index.wxml, wxml, 0, 0, 9, 0, 0, 0, 0, 0, 1, 10
components/vant/cell-group/index.wxss, CSS, 0, 0, 0, 0, 0, 1, 0, 0, 0, 1
components/vant/cell/index.d.ts, TypeScript, 0, 0, 0, 1, 0, 0, 0, 0, 1, 2
components/vant/cell/index.js, JavaScript, 37, 0, 0, 0, 0, 0, 0, 0, 1, 38
components/vant/cell/index.json, JSON, 0, 0, 0, 0, 6, 0, 0, 0, 0, 6
components/vant/cell/index.wxml, wxml, 0, 0, 39, 0, 0, 0, 0, 0, 7, 46
components/vant/cell/index.wxss, CSS, 0, 0, 0, 0, 0, 1, 0, 0, 0, 1
components/vant/checkbox-group/index.d.ts, TypeScript, 0, 0, 0, 1, 0, 0, 0, 0, 1, 2
components/vant/checkbox-group/index.js, JavaScript, 34, 0, 0, 0, 0, 0, 0, 0, 1, 35
components/vant/checkbox-group/index.json, JSON, 0, 0, 0, 0, 6, 0, 0, 0, 1, 7
components/vant/checkbox-group/index.wxml, wxml, 0, 0, 1, 0, 0, 0, 0, 0, 1, 2
components/vant/checkbox-group/index.wxss, CSS, 0, 0, 0, 0, 0, 1, 0, 0, 0, 1
components/vant/checkbox/index.d.ts, TypeScript, 0, 0, 0, 1, 0, 0, 0, 0, 1, 2
components/vant/checkbox/index.js, JavaScript, 65, 0, 0, 0, 0, 0, 0, 2, 1, 68
components/vant/checkbox/index.json, JSON, 0, 0, 0, 0, 6, 0, 0, 0, 1, 7
components/vant/checkbox/index.wxml, wxml, 0, 0, 17, 0, 0, 0, 0, 0, 2, 19
components/vant/checkbox/index.wxss, CSS, 0, 0, 0, 0, 0, 1, 0, 0, 0, 1
components/vant/col/index.d.ts, TypeScript, 0, 0, 0, 1, 0, 0, 0, 0, 1, 2
components/vant/col/index.js, JavaScript, 23, 0, 0, 0, 0, 0, 0, 0, 1, 24
components/vant/col/index.json, JSON, 0, 0, 0, 0, 3, 0, 0, 0, 1, 4
components/vant/col/index.wxml, wxml, 0, 0, 7, 0, 0, 0, 0, 0, 2, 9
components/vant/col/index.wxss, CSS, 0, 0, 0, 0, 0, 1, 0, 0, 0, 1
components/vant/collapse-item/index.d.ts, TypeScript, 0, 0, 0, 1, 0, 0, 0, 0, 1, 2
components/vant/collapse-item/index.js, JavaScript, 94, 0, 0, 0, 0, 0, 0, 0, 1, 95
components/vant/collapse-item/index.json, JSON, 0, 0, 0, 0, 6, 0, 0, 0, 1, 7
components/vant/collapse-item/index.wxml, wxml, 0, 0, 43, 0, 0, 0, 0, 0, 2, 45
components/vant/collapse-item/index.wxss, CSS, 0, 0, 0, 0, 0, 1, 0, 0, 0, 1
components/vant/collapse/index.d.ts, TypeScript, 0, 0, 0, 1, 0, 0, 0, 0, 1, 2
components/vant/collapse/index.js, JavaScript, 50, 0, 0, 0, 0, 0, 0, 0, 1, 51
components/vant/collapse/index.json, JSON, 0, 0, 0, 0, 3, 0, 0, 0, 1, 4
components/vant/collapse/index.wxml, wxml, 0, 0, 3, 0, 0, 0, 0, 0, 1, 4
components/vant/collapse/index.wxss, CSS, 0, 0, 0, 0, 0, 1, 0, 0, 0, 1
components/vant/common/color.d.ts, TypeScript, 0, 0, 0, 3, 0, 0, 0, 0, 1, 4
components/vant/common/color.js, JavaScript, 3, 0, 0, 0, 0, 0, 0, 0, 1, 4
components/vant/common/component.d.ts, TypeScript, 0, 0, 0, 2, 0, 0, 0, 0, 1, 3
components/vant/common/component.js, JavaScript, 44, 0, 0, 0, 0, 0, 0, 4, 1, 49
components/vant/common/index.wxss, CSS, 0, 0, 0, 0, 0, 1, 0, 0, 0, 1
components/vant/common/style/clearfix.wxss, CSS, 0, 0, 0, 0, 0, 1, 0, 0, 0, 1
components/vant/common/style/ellipsis.wxss, CSS, 0, 0, 0, 0, 0, 1, 0, 0, 0, 1
components/vant/common/style/hairline.wxss, CSS, 0, 0, 0, 0, 0, 1, 0, 0, 0, 1
components/vant/common/style/mixins/clearfix.wxss, CSS, 0, 0, 0, 0, 0, 0, 0, 0, 1, 1
components/vant/common/style/mixins/ellipsis.wxss, CSS, 0, 0, 0, 0, 0, 0, 0, 0, 1, 1
components/vant/common/style/mixins/hairline.wxss, CSS, 0, 0, 0, 0, 0, 0, 0, 0, 1, 1
components/vant/common/style/var.wxss, CSS, 0, 0, 0, 0, 0, 0, 0, 0, 1, 1
components/vant/common/utils.d.ts, TypeScript, 0, 0, 0, 5, 0, 0, 0, 0, 1, 6
components/vant/common/utils.js, JavaScript, 14, 0, 0, 0, 0, 0, 0, 0, 1, 15
components/vant/datetime-picker/index.d.ts, TypeScript, 0, 0, 0, 1, 0, 0, 0, 0, 1, 2
components/vant/datetime-picker/index.js, JavaScript, 277, 0, 0, 0, 0, 0, 0, 3, 1, 281
components/vant/datetime-picker/index.json, JSON, 0, 0, 0, 0, 6, 0, 0, 0, 1, 7
components/vant/datetime-picker/index.wxml, wxml, 0, 0, 16, 0, 0, 0, 0, 0, 1, 17
components/vant/datetime-picker/index.wxss, CSS, 0, 0, 0, 0, 0, 1, 0, 0, 0, 1
components/vant/dialog/dialog.d.ts, TypeScript, 0, 0, 0, 43, 0, 0, 0, 0, 1, 44
components/vant/dialog/dialog.js, JavaScript, 59, 0, 0, 0, 0, 0, 0, 0, 1, 60
components/vant/dialog/index.d.ts, TypeScript, 0, 0, 0, 1, 0, 0, 0, 0, 1, 2
components/vant/dialog/index.js, JavaScript, 96, 0, 0, 0, 0, 0, 0, 1, 1, 98
components/vant/dialog/index.json, JSON, 0, 0, 0, 0, 7, 0, 0, 0, 1, 8
components/vant/dialog/index.wxml, wxml, 0, 0, 60, 0, 0, 0, 0, 0, 5, 65
components/vant/dialog/index.wxss, CSS, 0, 0, 0, 0, 0, 1, 0, 0, 0, 1
components/vant/field/index.d.ts, TypeScript, 0, 0, 0, 1, 0, 0, 0, 0, 1, 2
components/vant/field/index.js, JavaScript, 130, 0, 0, 0, 0, 0, 0, 1, 1, 132
components/vant/field/index.json, JSON, 0, 0, 0, 0, 7, 0, 0, 0, 0, 7
components/vant/field/index.wxml, wxml, 0, 0, 84, 0, 0, 0, 0, 0, 2, 86
components/vant/field/index.wxss, CSS, 0, 0, 0, 0, 0, 1, 0, 0, 0, 1
components/vant/goods-action-button/index.d.ts, TypeScript, 0, 0, 0, 1, 0, 0, 0, 0, 1, 2
components/vant/goods-action-button/index.js, JavaScript, 22, 0, 0, 0, 0, 0, 0, 0, 1, 23
components/vant/goods-action-button/index.json, JSON, 0, 0, 0, 0, 6, 0, 0, 0, 1, 7
components/vant/goods-action-button/index.wxml, wxml, 0, 0, 27, 0, 0, 0, 0, 0, 1, 28
components/vant/goods-action-button/index.wxss, CSS, 0, 0, 0, 0, 0, 1, 0, 0, 0, 1
components/vant/goods-action-icon/index.d.ts, TypeScript, 0, 0, 0, 1, 0, 0, 0, 0, 1, 2
components/vant/goods-action-icon/index.js, JavaScript, 21, 0, 0, 0, 0, 0, 0, 0, 1, 22
components/vant/goods-action-icon/index.json, JSON, 0, 0, 0, 0, 7, 0, 0, 0, 1, 8
components/vant/goods-action-icon/index.wxml, wxml, 0, 0, 35, 0, 0, 0, 0, 0, 1, 36
components/vant/goods-action-icon/index.wxss, CSS, 0, 0, 0, 0, 0, 1, 0, 0, 0, 1
components/vant/goods-action/index.d.ts, TypeScript, 0, 0, 0, 1, 0, 0, 0, 0, 1, 2
components/vant/goods-action/index.js, JavaScript, 5, 0, 0, 0, 0, 0, 0, 0, 1, 6
components/vant/goods-action/index.json, JSON, 0, 0, 0, 0, 3, 0, 0, 0, 1, 4
components/vant/goods-action/index.wxml, wxml, 0, 0, 4, 0, 0, 0, 0, 0, 2, 6
components/vant/goods-action/index.wxss, CSS, 0, 0, 0, 0, 0, 1, 0, 0, 0, 1
components/vant/icon/index.d.ts, TypeScript, 0, 0, 0, 1, 0, 0, 0, 0, 1, 2
components/vant/icon/index.js, JavaScript, 19, 0, 0, 0, 0, 0, 0, 0, 1, 20
components/vant/icon/index.json, JSON, 0, 0, 0, 0, 6, 0, 0, 0, 1, 7
components/vant/icon/index.wxml, wxml, 0, 0, 17, 0, 0, 0, 0, 0, 2, 19
components/vant/icon/index.wxss, CSS, 0, 0, 0, 0, 0, 1, 0, 0, 0, 1
components/vant/info/index.d.ts, TypeScript, 0, 0, 0, 1, 0, 0, 0, 0, 1, 2
components/vant/info/index.js, JavaScript, 7, 0, 0, 0, 0, 0, 0, 0, 1, 8
components/vant/info/index.json, JSON, 0, 0, 0, 0, 3, 0, 0, 0, 1, 4
components/vant/info/index.wxml, wxml, 0, 0, 5, 0, 0, 0, 0, 0, 1, 6
components/vant/info/index.wxss, CSS, 0, 0, 0, 0, 0, 1, 0, 0, 0, 1
components/vant/loading/index.d.ts, TypeScript, 0, 0, 0, 1, 0, 0, 0, 0, 1, 2
components/vant/loading/index.js, JavaScript, 17, 0, 0, 0, 0, 0, 0, 0, 1, 18
components/vant/loading/index.json, JSON, 0, 0, 0, 0, 3, 0, 0, 0, 0, 3
components/vant/loading/index.wxml, wxml, 0, 0, 16, 0, 0, 0, 0, 0, 1, 17
components/vant/loading/index.wxss, CSS, 0, 0, 0, 0, 0, 1, 0, 0, 0, 1
components/vant/mixins/basic.d.ts, TypeScript, 0, 0, 0, 1, 0, 0, 0, 0, 1, 2
components/vant/mixins/basic.js, JavaScript, 22, 0, 0, 0, 0, 0, 0, 0, 1, 23
components/vant/mixins/button.d.ts, TypeScript, 0, 0, 0, 1, 0, 0, 0, 0, 1, 2
components/vant/mixins/button.js, JavaScript, 18, 0, 0, 0, 0, 0, 0, 0, 1, 19
components/vant/mixins/link.d.ts, TypeScript, 0, 0, 0, 1, 0, 0, 0, 0, 1, 2
components/vant/mixins/link.js, JavaScript, 17, 0, 0, 0, 0, 0, 0, 0, 1, 18
components/vant/mixins/observer/behavior.d.ts, TypeScript, 0, 0, 0, 1, 0, 0, 0, 0, 1, 2
components/vant/mixins/observer/behavior.js, JavaScript, 46, 0, 0, 0, 0, 0, 0, 1, 1, 48
components/vant/mixins/observer/index.d.ts, TypeScript, 0, 0, 0, 1, 0, 0, 0, 0, 1, 2
components/vant/mixins/observer/index.js, JavaScript, 27, 0, 0, 0, 0, 0, 0, 0, 1, 28
components/vant/mixins/observer/props.d.ts, TypeScript, 0, 0, 0, 1, 0, 0, 0, 0, 1, 2
components/vant/mixins/observer/props.js, JavaScript, 22, 0, 0, 0, 0, 0, 0, 0, 1, 23
components/vant/mixins/open-type.d.ts, TypeScript, 0, 0, 0, 1, 0, 0, 0, 0, 1, 2
components/vant/mixins/open-type.js, JavaScript, 25, 0, 0, 0, 0, 0, 0, 0, 1, 26
components/vant/mixins/safe-area.d.ts, TypeScript, 0, 0, 0, 4, 0, 0, 0, 0, 1, 5
components/vant/mixins/safe-area.js, JavaScript, 39, 0, 0, 0, 0, 0, 0, 0, 1, 40
components/vant/mixins/touch.d.ts, TypeScript, 0, 0, 0, 1, 0, 0, 0, 0, 1, 2
components/vant/mixins/touch.js, JavaScript, 27, 0, 0, 0, 0, 0, 0, 0, 1, 28
components/vant/mixins/transition.d.ts, TypeScript, 0, 0, 0, 1, 0, 0, 0, 0, 1, 2
components/vant/mixins/transition.js, JavaScript, 93, 0, 0, 0, 0, 0, 0, 0, 1, 94
components/vant/nav-bar/index.d.ts, TypeScript, 0, 0, 0, 1, 0, 0, 0, 0, 1, 2
components/vant/nav-bar/index.js, JavaScript, 29, 0, 0, 0, 0, 0, 0, 0, 1, 30
components/vant/nav-bar/index.json, JSON, 0, 0, 0, 0, 6, 0, 0, 0, 1, 7
components/vant/nav-bar/index.wxml, wxml, 0, 0, 36, 0, 0, 0, 0, 0, 2, 38
components/vant/nav-bar/index.wxss, CSS, 0, 0, 0, 0, 0, 1, 0, 0, 0, 1
components/vant/notice-bar/index.d.ts, TypeScript, 0, 0, 0, 1, 0, 0, 0, 0, 1, 2
components/vant/notice-bar/index.js, JavaScript, 123, 0, 0, 0, 0, 0, 0, 0, 1, 124
components/vant/notice-bar/index.json, JSON, 0, 0, 0, 0, 6, 0, 0, 0, 0, 6
components/vant/notice-bar/index.wxml, wxml, 0, 0, 32, 0, 0, 0, 0, 0, 4, 36
components/vant/notice-bar/index.wxss, CSS, 0, 0, 0, 0, 0, 1, 0, 0, 0, 1
components/vant/notify/index.d.ts, TypeScript, 0, 0, 0, 1, 0, 0, 0, 0, 1, 2
components/vant/notify/index.js, JavaScript, 45, 0, 0, 0, 0, 0, 0, 0, 1, 46
components/vant/notify/index.json, JSON, 0, 0, 0, 0, 6, 0, 0, 0, 1, 7
components/vant/notify/index.wxml, wxml, 0, 0, 9, 0, 0, 0, 0, 0, 1, 10
components/vant/notify/index.wxss, CSS, 0, 0, 0, 0, 0, 1, 0, 0, 0, 1
components/vant/notify/notify.d.ts, TypeScript, 0, 0, 0, 12, 0, 0, 0, 0, 1, 13
components/vant/notify/notify.js, JavaScript, 25, 0, 0, 0, 0, 0, 0, 0, 1, 26
components/vant/overlay/index.d.ts, TypeScript, 0, 0, 0, 1, 0, 0, 0, 0, 1, 2
components/vant/overlay/index.js, JavaScript, 22, 0, 0, 0, 0, 0, 0, 1, 1, 24
components/vant/overlay/index.json, JSON, 0, 0, 0, 0, 6, 0, 0, 0, 1, 7
components/vant/overlay/index.wxml, wxml, 0, 0, 8, 0, 0, 0, 0, 0, 1, 9
components/vant/overlay/index.wxss, CSS, 0, 0, 0, 0, 0, 1, 0, 0, 0, 1
components/vant/panel/index.d.ts, TypeScript, 0, 0, 0, 1, 0, 0, 0, 0, 1, 2
components/vant/panel/index.js, JavaScript, 10, 0, 0, 0, 0, 0, 0, 0, 1, 11
components/vant/panel/index.json, JSON, 0, 0, 0, 0, 6, 0, 0, 0, 1, 7
components/vant/panel/index.wxml, wxml, 0, 0, 17, 0, 0, 0, 0, 0, 3, 20
components/vant/panel/index.wxss, CSS, 0, 0, 0, 0, 0, 1, 0, 0, 0, 1
components/vant/picker-column/index.d.ts, TypeScript, 0, 0, 0, 1, 0, 0, 0, 0, 1, 2
components/vant/picker-column/index.js, JavaScript, 136, 0, 0, 0, 0, 0, 0, 0, 1, 137
components/vant/picker-column/index.json, JSON, 0, 0, 0, 0, 3, 0, 0, 0, 0, 3
components/vant/picker-column/index.wxml, wxml, 0, 0, 29, 0, 0, 0, 0, 0, 3, 32
components/vant/picker-column/index.wxss, CSS, 0, 0, 0, 0, 0, 1, 0, 0, 0, 1
components/vant/picker/index.d.ts, TypeScript, 0, 0, 0, 1, 0, 0, 0, 0, 1, 2
components/vant/picker/index.js, JavaScript, 121, 0, 0, 0, 0, 0, 0, 11, 1, 133
components/vant/picker/index.json, JSON, 0, 0, 0, 0, 7, 0, 0, 0, 1, 8
components/vant/picker/index.wxml, wxml, 0, 0, 59, 0, 0, 0, 0, 0, 2, 61
components/vant/picker/index.wxss, CSS, 0, 0, 0, 0, 0, 1, 0, 0, 0, 1
components/vant/picker/shared.d.ts, TypeScript, 0, 0, 0, 21, 0, 0, 0, 0, 1, 22
components/vant/picker/shared.js, JavaScript, 21, 0, 0, 0, 0, 0, 0, 0, 1, 22
components/vant/popup/index.d.ts, TypeScript, 0, 0, 0, 1, 0, 0, 0, 0, 1, 2
components/vant/popup/index.js, JavaScript, 57, 0, 0, 0, 0, 0, 0, 0, 1, 58
components/vant/popup/index.json, JSON, 0, 0, 0, 0, 6, 0, 0, 0, 1, 7
components/vant/popup/index.wxml, wxml, 0, 0, 19, 0, 0, 0, 0, 0, 2, 21
components/vant/popup/index.wxss, CSS, 0, 0, 0, 0, 0, 1, 0, 0, 0, 1
components/vant/progress/index.d.ts, TypeScript, 0, 0, 0, 1, 0, 0, 0, 0, 1, 2
components/vant/progress/index.js, JavaScript, 65, 0, 0, 0, 0, 0, 0, 0, 1, 66
components/vant/progress/index.json, JSON, 0, 0, 0, 0, 3, 0, 0, 0, 1, 4
components/vant/progress/index.wxml, wxml, 0, 0, 14, 0, 0, 0, 0, 0, 1, 15
components/vant/progress/index.wxss, CSS, 0, 0, 0, 0, 0, 1, 0, 0, 0, 1
components/vant/radio-group/index.d.ts, TypeScript, 0, 0, 0, 1, 0, 0, 0, 0, 1, 2
components/vant/radio-group/index.js, JavaScript, 33, 0, 0, 0, 0, 0, 0, 0, 1, 34
components/vant/radio-group/index.json, JSON, 0, 0, 0, 0, 6, 0, 0, 0, 1, 7
components/vant/radio-group/index.wxml, wxml, 0, 0, 1, 0, 0, 0, 0, 0, 1, 2
components/vant/radio-group/index.wxss, CSS, 0, 0, 0, 0, 0, 1, 0, 0, 0, 1
components/vant/radio/index.d.ts, TypeScript, 0, 0, 0, 1, 0, 0, 0, 0, 1, 2
components/vant/radio/index.js, JavaScript, 32, 0, 0, 0, 0, 0, 0, 0, 1, 33
components/vant/radio/index.json, JSON, 0, 0, 0, 0, 6, 0, 0, 0, 1, 7
components/vant/radio/index.wxml, wxml, 0, 0, 22, 0, 0, 0, 0, 0, 2, 24
components/vant/radio/index.wxss, CSS, 0, 0, 0, 0, 0, 1, 0, 0, 0, 1
components/vant/rate/index.d.ts, TypeScript, 0, 0, 0, 1, 0, 0, 0, 0, 1, 2
components/vant/rate/index.js, JavaScript, 74, 0, 0, 0, 0, 0, 0, 0, 1, 75
components/vant/rate/index.json, JSON, 0, 0, 0, 0, 6, 0, 0, 0, 1, 7
components/vant/rate/index.wxml, wxml, 0, 0, 30, 0, 0, 0, 0, 0, 3, 33
components/vant/rate/index.wxss, CSS, 0, 0, 0, 0, 0, 1, 0, 0, 0, 1
components/vant/row/index.d.ts, TypeScript, 0, 0, 0, 1, 0, 0, 0, 0, 1, 2
components/vant/row/index.js, JavaScript, 36, 0, 0, 0, 0, 0, 0, 0, 1, 37
components/vant/row/index.json, JSON, 0, 0, 0, 0, 3, 0, 0, 0, 1, 4
components/vant/row/index.wxml, wxml, 0, 0, 3, 0, 0, 0, 0, 0, 1, 4
components/vant/row/index.wxss, CSS, 0, 0, 0, 0, 0, 1, 0, 0, 0, 1
components/vant/search/index.d.ts, TypeScript, 0, 0, 0, 1, 0, 0, 0, 0, 1, 2
components/vant/search/index.js, JavaScript, 52, 0, 0, 0, 0, 0, 0, 0, 1, 53
components/vant/search/index.json, JSON, 0, 0, 0, 0, 7, 0, 0, 0, 1, 8
components/vant/search/index.wxml, wxml, 0, 0, 43, 0, 0, 0, 0, 0, 4, 47
components/vant/search/index.wxss, CSS, 0, 0, 0, 0, 0, 1, 0, 0, 0, 1
components/vant/slider/index.d.ts, TypeScript, 0, 0, 0, 1, 0, 0, 0, 0, 1, 2
components/vant/slider/index.js, JavaScript, 87, 0, 0, 0, 0, 0, 0, 0, 1, 88
components/vant/slider/index.json, JSON, 0, 0, 0, 0, 3, 0, 0, 0, 1, 4
components/vant/slider/index.wxml, wxml, 0, 0, 28, 0, 0, 0, 0, 0, 2, 30
components/vant/slider/index.wxss, CSS, 0, 0, 0, 0, 0, 1, 0, 0, 0, 1
components/vant/stepper/index.d.ts, TypeScript, 0, 0, 0, 1, 0, 0, 0, 0, 1, 2
components/vant/stepper/index.js, JavaScript, 96, 0, 0, 0, 0, 0, 0, 1, 1, 98
components/vant/stepper/index.json, JSON, 0, 0, 0, 0, 3, 0, 0, 0, 0, 3
components/vant/stepper/index.wxml, wxml, 0, 0, 26, 0, 0, 0, 0, 0, 2, 28
components/vant/stepper/index.wxss, CSS, 0, 0, 0, 0, 0, 1, 0, 0, 0, 1
components/vant/steps/index.d.ts, TypeScript, 0, 0, 0, 1, 0, 0, 0, 0, 1, 2
components/vant/steps/index.js, JavaScript, 17, 0, 0, 0, 0, 0, 0, 0, 1, 18
components/vant/steps/index.json, JSON, 0, 0, 0, 0, 6, 0, 0, 0, 1, 7
components/vant/steps/index.wxml, wxml, 0, 0, 31, 0, 0, 0, 0, 0, 5, 36
components/vant/steps/index.wxss, CSS, 0, 0, 0, 0, 0, 1, 0, 0, 0, 1
components/vant/submit-bar/index.d.ts, TypeScript, 0, 0, 0, 1, 0, 0, 0, 0, 1, 2
components/vant/submit-bar/index.js, JavaScript, 49, 0, 0, 0, 0, 0, 0, 0, 1, 50
components/vant/submit-bar/index.json, JSON, 0, 0, 0, 0, 6, 0, 0, 0, 1, 7
components/vant/submit-bar/index.wxml, wxml, 0, 0, 39, 0, 0, 0, 0, 0, 4, 43
components/vant/submit-bar/index.wxss, CSS, 0, 0, 0, 0, 0, 1, 0, 0, 0, 1
components/vant/swipe-cell/index.d.ts, TypeScript, 0, 0, 0, 1, 0, 0, 0, 0, 1, 2
components/vant/swipe-cell/index.js, JavaScript, 112, 0, 0, 0, 0, 0, 0, 0, 1, 113
components/vant/swipe-cell/index.json, JSON, 0, 0, 0, 0, 3, 0, 0, 0, 1, 4
components/vant/swipe-cell/index.wxml, wxml, 0, 0, 20, 0, 0, 0, 0, 0, 1, 21
components/vant/swipe-cell/index.wxss, CSS, 0, 0, 0, 0, 0, 1, 0, 0, 0, 1
components/vant/switch-cell/index.d.ts, TypeScript, 0, 0, 0, 1, 0, 0, 0, 0, 1, 2
components/vant/switch-cell/index.js, JavaScript, 39, 0, 0, 0, 0, 0, 0, 0, 1, 40
components/vant/switch-cell/index.json, JSON, 0, 0, 0, 0, 7, 0, 0, 0, 1, 8
components/vant/switch-cell/index.wxml, wxml, 0, 0, 19, 0, 0, 0, 0, 0, 1, 20
components/vant/switch-cell/index.wxss, CSS, 0, 0, 0, 0, 0, 1, 0, 0, 0, 1
components/vant/switch/index.d.ts, TypeScript, 0, 0, 0, 1, 0, 0, 0, 0, 1, 2
components/vant/switch/index.js, JavaScript, 43, 0, 0, 0, 0, 0, 0, 0, 1, 44
components/vant/switch/index.json, JSON, 0, 0, 0, 0, 6, 0, 0, 0, 1, 7
components/vant/switch/index.wxml, wxml, 0, 0, 10, 0, 0, 0, 0, 0, 2, 12
components/vant/switch/index.wxss, CSS, 0, 0, 0, 0, 0, 1, 0, 0, 0, 1
components/vant/tab/index.d.ts, TypeScript, 0, 0, 0, 1, 0, 0, 0, 0, 1, 2
components/vant/tab/index.js, JavaScript, 35, 0, 0, 0, 0, 0, 0, 0, 1, 36
components/vant/tab/index.json, JSON, 0, 0, 0, 0, 3, 0, 0, 0, 0, 3
components/vant/tab/index.wxml, wxml, 0, 0, 8, 0, 0, 0, 0, 0, 2, 10
components/vant/tab/index.wxss, CSS, 0, 0, 0, 0, 0, 1, 0, 0, 0, 1
components/vant/tabbar-item/index.d.ts, TypeScript, 0, 0, 0, 1, 0, 0, 0, 0, 1, 2
components/vant/tabbar-item/index.js, JavaScript, 32, 0, 0, 0, 0, 0, 0, 0, 1, 33
components/vant/tabbar-item/index.json, JSON, 0, 0, 0, 0, 7, 0, 0, 0, 1, 8
components/vant/tabbar-item/index.wxml, wxml, 0, 0, 29, 0, 0, 0, 0, 0, 2, 31
components/vant/tabbar-item/index.wxss, CSS, 0, 0, 0, 0, 0, 1, 0, 0, 1, 2
components/vant/tabbar/index.d.ts, TypeScript, 0, 0, 0, 1, 0, 0, 0, 0, 1, 2
components/vant/tabbar/index.js, JavaScript, 60, 0, 0, 0, 0, 0, 0, 0, 1, 61
components/vant/tabbar/index.json, JSON, 0, 0, 0, 0, 3, 0, 0, 0, 1, 4
components/vant/tabbar/index.wxml, wxml, 0, 0, 7, 0, 0, 0, 0, 0, 2, 9
components/vant/tabbar/index.wxss, CSS, 0, 0, 0, 0, 0, 1, 0, 0, 0, 1
components/vant/tabs/index.d.ts, TypeScript, 0, 0, 0, 1, 0, 0, 0, 0, 1, 2
components/vant/tabs/index.js, JavaScript, 302, 0, 0, 0, 0, 0, 0, 3, 1, 306
components/vant/tabs/index.json, JSON, 0, 0, 0, 0, 6, 0, 0, 0, 1, 7
components/vant/tabs/index.wxml, wxml, 0, 0, 46, 0, 0, 0, 0, 0, 4, 50
components/vant/tabs/index.wxss, CSS, 0, 0, 0, 0, 0, 1, 0, 0, 0, 1
components/vant/tag/index.d.ts, TypeScript, 0, 0, 0, 1, 0, 0, 0, 0, 1, 2
components/vant/tag/index.js, JavaScript, 30, 0, 0, 0, 0, 0, 0, 0, 1, 31
components/vant/tag/index.json, JSON, 0, 0, 0, 0, 3, 0, 0, 0, 0, 3
components/vant/tag/index.wxml, wxml, 0, 0, 7, 0, 0, 0, 0, 0, 2, 9
components/vant/tag/index.wxss, CSS, 0, 0, 0, 0, 0, 1, 0, 0, 0, 1
components/vant/toast/index.d.ts, TypeScript, 0, 0, 0, 1, 0, 0, 0, 0, 1, 2
components/vant/toast/index.js, JavaScript, 28, 0, 0, 0, 0, 0, 0, 1, 1, 30
components/vant/toast/index.json, JSON, 0, 0, 0, 0, 9, 0, 0, 0, 1, 10
components/vant/toast/index.wxml, wxml, 0, 0, 29, 0, 0, 0, 0, 2, 3, 34
components/vant/toast/index.wxss, CSS, 0, 0, 0, 0, 0, 1, 0, 0, 0, 1
components/vant/toast/toast.d.ts, TypeScript, 0, 0, 0, 25, 0, 0, 0, 0, 1, 26
components/vant/toast/toast.js, JavaScript, 66, 0, 0, 0, 0, 0, 0, 0, 1, 67
components/vant/transition/index.d.ts, TypeScript, 0, 0, 0, 1, 0, 0, 0, 0, 1, 2
components/vant/transition/index.js, JavaScript, 13, 0, 0, 0, 0, 0, 0, 0, 1, 14
components/vant/transition/index.json, JSON, 0, 0, 0, 0, 3, 0, 0, 0, 0, 3
components/vant/transition/index.wxml, wxml, 0, 0, 8, 0, 0, 0, 0, 0, 1, 9
components/vant/transition/index.wxss, CSS, 0, 0, 0, 0, 0, 1, 0, 0, 0, 1
components/vant/tree-select/index.d.ts, TypeScript, 0, 0, 0, 1, 0, 0, 0, 0, 1, 2
components/vant/tree-select/index.js, JavaScript, 73, 0, 0, 0, 0, 0, 0, 5, 1, 79
components/vant/tree-select/index.json, JSON, 0, 0, 0, 0, 7, 0, 0, 0, 1, 8
components/vant/tree-select/index.wxml, wxml, 0, 0, 38, 0, 0, 0, 0, 0, 2, 40
components/vant/tree-select/index.wxss, CSS, 0, 0, 0, 0, 0, 1, 0, 0, 0, 1
components/vant/wxs/array.wxs, wxs, 0, 0, 0, 0, 0, 0, 4, 0, 2, 6
components/vant/wxs/bem.wxs, wxs, 0, 0, 0, 0, 0, 0, 33, 0, 6, 39
components/vant/wxs/memoize.wxs, wxs, 0, 0, 0, 0, 0, 0, 45, 0, 10, 55
components/vant/wxs/object.wxs, wxs, 0, 0, 0, 0, 0, 0, 11, 0, 3, 14
components/vant/wxs/utils.wxs, wxs, 0, 0, 0, 0, 0, 0, 10, 0, 3, 13
mixins/editMixin.js, JavaScript, 76, 0, 0, 0, 0, 0, 0, 3, 3, 82
mixins/test.js, JavaScript, 18, 0, 0, 0, 0, 0, 0, 0, 4, 22
pages/activity/activity.wpy, Vue.js, 0, 92, 0, 0, 0, 0, 0, 0, 11, 103
pages/activity/webview.wpy, Vue.js, 0, 29, 0, 0, 0, 0, 0, 1, 11, 41
pages/battle/profile.wpy, Vue.js, 0, 476, 0, 0, 0, 0, 0, 22, 16, 514
pages/chat/becomeFriend.wpy, Vue.js, 0, 116, 0, 0, 0, 0, 0, 0, 12, 128
pages/chat/chat.wpy, Vue.js, 0, 478, 0, 0, 0, 0, 0, 9, 26, 513
pages/chat/like.wpy, Vue.js, 0, 146, 0, 0, 0, 0, 0, 0, 13, 159
pages/fabu/fabu.wpy, Vue.js, 0, 325, 0, 0, 0, 0, 0, 6, 11, 342
pages/home.wpy, Vue.js, 0, 284, 0, 0, 0, 0, 0, 41, 10, 335
pages/index.wpy, Vue.js, 0, 214, 0, 0, 0, 0, 0, 13, 4, 231
pages/my/activityRule.wpy, Vue.js, 0, 47, 0, 0, 0, 0, 0, 0, 11, 58
pages/my/contactService.wpy, Vue.js, 0, 107, 0, 0, 0, 0, 0, 0, 11, 118
pages/my/editdesc.wpy, Vue.js, 0, 83, 0, 0, 0, 0, 0, 11, 9, 103
pages/my/editfile.wpy, Vue.js, 0, 306, 0, 0, 0, 0, 0, 4, 16, 326
pages/my/editname.wpy, Vue.js, 0, 70, 0, 0, 0, 0, 0, 0, 10, 80
pages/my/miniprogram_npm/miniprogram-drawimage/index.js, JavaScript, 280, 0, 0, 0, 0, 0, 0, 31, 27, 338
pages/my/miniprogram_npm/miniprogram-drawimage/index.json, JSON, 0, 0, 0, 0, 4, 0, 0, 0, 0, 4
pages/my/miniprogram_npm/miniprogram-drawimage/index.wxml, wxml, 0, 0, 9, 0, 0, 0, 0, 0, 0, 9
pages/my/miniprogram_npm/miniprogram-drawimage/index.wxss, CSS, 0, 0, 0, 0, 0, 57, 0, 0, 7, 64
pages/my/myCard.wpy, Vue.js, 0, 274, 0, 0, 0, 0, 0, 11, 17, 302
pages/my/mymoment.wpy, Vue.js, 0, 62, 0, 0, 0, 0, 0, 0, 7, 69
pages/my/myrank.wpy, Vue.js, 0, 664, 0, 0, 0, 0, 0, 15, 19, 698
pages/my/mytime.wpy, Vue.js, 0, 105, 0, 0, 0, 0, 0, 0, 13, 118
pages/my/propaganda.wpy, Vue.js, 0, 482, 0, 0, 0, 0, 0, 1, 12, 495
pages/my/setting.wpy, Vue.js, 0, 171, 0, 0, 0, 0, 0, 1, 13, 185
pages/my/withdraw.wpy, Vue.js, 0, 129, 0, 0, 0, 0, 0, 0, 11, 140
pages/rank/rank.wpy, Vue.js, 0, 300, 0, 0, 0, 0, 0, 5, 13, 318
pages/register.wpy, Vue.js, 0, 172, 0, 0, 0, 0, 0, 13, 12, 197
pages/register/chooseBirth.wpy, Vue.js, 0, 137, 0, 0, 0, 0, 0, 15, 14, 166
pages/register/chooseGender.wpy, Vue.js, 0, 162, 0, 0, 0, 0, 0, 0, 11, 173
pages/register/chooseName.wpy, Vue.js, 0, 94, 0, 0, 0, 0, 0, 15, 12, 121
pages/register/uploadAvatar.wpy, Vue.js, 0, 185, 0, 0, 0, 0, 0, 22, 14, 221
pages/register/uploadVideo.wpy, Vue.js, 0, 166, 0, 0, 0, 0, 0, 4, 8, 178
pages/register/verify.wpy, Vue.js, 0, 157, 0, 0, 0, 0, 0, 0, 12, 169
pages/ta/momentDetail.wpy, Vue.js, 0, 52, 0, 0, 0, 0, 0, 0, 7, 59
pages/ta/taMomentList.wpy, Vue.js, 0, 54, 0, 0, 0, 0, 0, 0, 8, 62
utils/base64src.js, JavaScript, 23, 0, 0, 0, 0, 0, 0, 0, 2, 25
utils/config.js, JavaScript, 24, 0, 0, 0, 0, 0, 0, 0, 3, 27
utils/event.js, JavaScript, 111, 0, 0, 0, 0, 0, 0, 1, 9, 121
utils/handler.js, JavaScript, 799, 0, 0, 0, 0, 0, 0, 146, 54, 999
utils/index.js, JavaScript, 126, 0, 0, 0, 0, 0, 0, 1, 11, 138
utils/request.js, JavaScript, 64, 0, 0, 0, 0, 0, 0, 2, 3, 69
utils/uploader.js, JavaScript, 40, 0, 0, 0, 0, 0, 0, 7, 3, 50
utils/url.js, JavaScript, 27, 0, 0, 0, 0, 0, 0, 28, 2, 57
utils/util.js, JavaScript, 16, 0, 0, 0, 0, 0, 0, 0, 5, 21
utils/webim.js, JavaScript, 4667, 0, 0, 0, 0, 0, 0, 976, 427, 6070
utils/wxcharts.js, JavaScript, 1749, 0, 0, 0, 0, 0, 0, 50, 244, 2043
Total, -, 11689, 10950, 1219, 175, 272, 112, 103, 1683, 1768, 27971